Month,Avg High Temp,Avg Low Temp,Avg Precipitation,Avg Sunshine Hours,Avg Humidity,Irradiance,GHI,DNI,DHI,Temprature de l'air,Vitesse du vent,Direction du vent,Couverture nuageuse,Pression atmosphrique,Altitude,Latitude,Longitude,production en
1,4,-1,70,50,82,1.4,1.6,1.9,0.7,4,4,280,72,1016,14,51.8833,6.1333,6988.8
2,5,0,55,80,80,2.1,2.3,2.7,1.1,5,4,280,68,1017,14,51.8833,6.1333,10046.4
3,9,2,60,125,78,3.2,3.5,4.2,1.4,9,4.5,250,62,1018,14,51.8833,6.1333,15288
4,13,5,50,160,75,4.2,4.6,5.3,1.7,13,4.5,250,58,1017,14,51.8833,6.1333,20092.8
5,18,10,55,210,72,5.3,5.8,6.5,2.1,18,4,220,52,1016,14,51.8833,6.1333,25334.4
6,21,13,65,220,70,6.3,6.7,7.4,2.3,21,4,220,48,1015,14,51.8833,6.1333,29265.6
7,23,15,70,230,72,6.7,7,7.6,2.4,23,3.5,190,45,1014,14,51.8833,6.1333,30576
8,23,15,75,215,74,6.4,6.6,7.3,2.3,23,3.5,190,48,1014,14,51.8833,6.1333,28828.8
9,20,12,80,160,76,5,5.4,5.9,1.8,20,4,160,52,1015,14,51.8833,6.1333,23587.2
10,15,8,85,110,78,3.6,3.8,4.2,1.3,15,4.5,160,58,1016,14,51.8833,6.1333,16598.4
11,9,3,80,70,82,2.4,2.7,3,1,9,4.5,130,68,1017,14,51.8833,6.1333,11793.6
12,5,1,75,50,84,1.6,1.9,2.1,0.7,5,4,130,72,1018,14,51.8833,6.1333,8299.2
1,3,-1,40,55,85,0.6,0.5,0.4,0.2,1,3.2,240,70,1015,34,52.52,13.405,2184
2,5,0,35,75,80,1.2,1,0.8,0.5,2.5,3.1,235,65,1016,34,52.52,13.405,4368
3,9,2,40,120,75,2.5,2,1.8,1,5.5,3,230,60,1017,34,52.52,13.405,8736
4,13,6,45,160,70,3.8,3.2,2.8,1.5,9.5,2.8,225,55,1018,34,52.52,13.405,13977.6
5,18,10,55,220,65,5,4.5,4,2,14,2.6,220,50,1019,34,52.52,13.405,19656
6,22,13,65,220,60,5.5,5,4.5,2.2,17.5,2.5,215,45,1020,34,52.52,13.405,21840
7,24,15,70,230,60,5.8,5.3,4.8,2.3,19.5,2.5,210,40,1021,34,52.52,13.405,23150.4
8,24,14,65,215,65,5.3,4.8,4.3,2.1,19,2.6,210,45,1020,34,52.52,13.405,20966.4
9,19,11,50,170,70,4,3.5,3,1.6,15,2.8,220,50,1019,34,52.52,13.405,15288
10,13,7,45,120,75,2.5,2,1.8,1,10,3,225,55,1018,34,52.52,13.405,8736
11,7,3,40,60,80,1.2,1,0.8,0.5,5,3.1,230,60,1017,34,52.52,13.405,4368
12,4,0,45,50,85,0.7,0.6,0.4,0.3,2,3.2,235,65,1016,34,52.52,13.405,2620.8
1,11,2,60,120,80,1.6,1.3,1.1,0.9,6.5,2.5,280,55,1014,21,41.9028,12.4964,5678.4
2,13,3,50,130,75,2,1.5,1.3,1.1,8,2.6,270,50,1015,21,41.9028,12.4964,6552
3,16,6,70,150,70,3.5,2.8,2.5,1.8,11,2.8,260,45,1016,21,41.9028,12.4964,12230.4
4,19,9,60,170,65,4.5,3.6,3,2.1,14,2.9,250,40,1017,21,41.9028,12.4964,15724.8
5,23,13,50,210,60,5.5,4.8,3.8,2.6,18,3,240,35,1018,21,41.9028,12.4964,20966.4
6,27,17,30,240,55,6.5,5.5,4.5,3,22,3.1,230,30,1019,21,41.9028,12.4964,24024
7,30,20,20,280,50,7,6.3,5,3.5,25,3.2,220,25,1020,21,41.9028,12.4964,27518.4
8,29,20,25,270,50,6.8,6,4.8,3.2,24.5,3.2,220,28,1019,21,41.9028,12.4964,26208
9,26,17,40,210,60,5,4.2,3.5,2.5,21.5,3,230,35,1018,21,41.9028,12.4964,18345.6
10,21,12,70,160,70,4,3.2,2.8,2,16.5,2.8,240,45,1017,21,41.9028,12.4964,13977.6
11,15,7,80,130,75,2.5,2,1.5,1.3,11,2.6,260,50,1016,21,41.9028,12.4964,8736
12,12,4,70,110,80,1.8,1.3,1,1,7.5,2.5,270,55,1015,21,41.9028,12.4964,5678.4
1,0,-7,60,90,80,1,1.2,1.5,0.7,0,4,260,70,1016,278,42.9836,-81.2497,5241.6
2,1,-6,50,110,75,1.5,1.8,2,1,1,4.2,250,65,1015,278,42.9836,-81.2497,7862.4
3,5,-2,55,140,70,2.5,2.8,3,1.5,5,4.5,240,60,1014,278,42.9836,-81.2497,12230.4
4,12,3,70,160,65,3.5,3.8,4,2,12,4.8,230,55,1013,278,42.9836,-81.2497,16598.4
5,18,8,80,200,60,5,5.2,5.5,2.5,18,4.5,220,50,1012,278,42.9836,-81.2497,22713.6
6,23,13,85,220,55,6,6.3,6.5,3,23,4.2,210,45,1011,278,42.9836,-81.2497,27518.4
7,26,16,90,240,55,6.5,6.8,7,3.3,26,3.8,200,40,1010,278,42.9836,-81.2497,29702.4
8,25,15,85,230,55,6.3,6.5,6.8,3.2,25,3.8,200,40,1010,278,42.9836,-81.2497,28392
9,21,11,75,190,60,4.8,5,5.2,2.5,21,4,210,45,1011,278,42.9836,-81.2497,21840
10,14,5,70,150,65,3.5,3.7,4,1.8,14,4.5,220,50,1013,278,42.9836,-81.2497,16161.6
11,7,0,65,110,70,2,2.5,2.8,1.2,7,4.8,240,60,1015,278,42.9836,-81.2497,10920
12,1,-5,60,90,75,1.2,1.5,1.8,0.8,1,4.2,260,70,1016,278,42.9836,-81.2497,6552
1,4,-1,70,50,85,0.8,1,1.2,0.5,4,4,270,70,1018,100,51.4333,6.775,4368
2,6,0,55,70,80,1.2,1.5,1.8,0.8,6,4.2,260,65,1017,100,51.4333,6.775,6552
3,10,3,60,120,75,2,2.2,2.5,1.2,10,4.5,250,60,1016,100,51.4333,6.775,9609.6
4,14,6,50,150,70,3,3.3,3.5,1.7,14,4.8,240,55,1015,100,51.4333,6.775,14414.4
5,18,10,60,200,65,4,4.5,4.8,2.2,18,4.5,230,50,1014,100,51.4333,6.775,19656
6,22,14,70,220,60,5,5.5,5.8,2.8,22,4.2,220,45,1013,100,51.4333,6.775,24024
7,25,16,80,240,60,5.5,6,6.3,3,25,3.8,210,40,1012,100,51.4333,6.775,26208
8,24,16,75,230,60,5.2,5.7,6,2.8,24,3.8,210,40,1012,100,51.4333,6.775,24897.6
9,20,12,65,180,65,4,4.3,4.5,2.2,20,4,230,45,1013,100,51.4333,6.775,18782.4
10,14,8,60,130,70,2.8,3,3.3,1.7,14,4.5,240,50,1015,100,51.4333,6.775,13104
11,8,4,70,80,80,1.5,2,2.2,1,8,4.8,250,60,1017,100,51.4333,6.775,8736
12,5,1,70,60,85,0.8,1,1.2,0.5,5,4.2,270,70,1018,100,51.4333,6.775,4368
1,-5,-15,20,60,85,0.5,0.6,0.7,0.3,-5,5,290,70,1018,645,53.9333,-116.5765,2620.8
2,-3,-13,15,90,80,1,1.2,1.5,0.5,-3,5.2,280,65,1017,645,53.9333,-116.5765,5241.6
3,2,-8,20,120,75,1.5,1.8,2,0.8,2,5.5,270,60,1016,645,53.9333,-116.5765,7862.4
4,10,-2,30,150,70,2.5,2.8,3,1.2,10,5.8,260,55,1015,645,53.9333,-116.5765,12230.4
5,16,3,45,200,65,3.5,3.8,4,1.8,16,5.5,250,50,1014,645,53.9333,-116.5765,16598.4
6,20,8,55,220,60,4.5,4.8,5,2.2,20,5.2,240,45,1013,645,53.9333,-116.5765,20966.4
7,24,11,65,250,55,5,5.3,5.5,2.5,24,4.8,230,40,1012,645,53.9333,-116.5765,23150.4
8,23,10,60,240,55,4.8,5,5.3,2.3,23,4.8,230,40,1012,645,53.9333,-116.5765,21840
9,18,5,40,190,60,3.2,3.5,3.7,1.5,18,5,250,45,1013,645,53.9333,-116.5765,15288
10,10,-1,30,140,70,2,2.2,2.5,1,10,5.5,260,50,1015,645,53.9333,-116.5765,9609.6
11,2,-7,20,80,80,1,1.2,1.5,0.6,2,5.8,280,60,1017,645,53.9333,-116.5765,5241.6
12,-3,-12,20,60,85,0.5,0.6,0.7,0.3,-3,5.2,290,70,1018,645,53.9333,-116.5765,2620.8
1,3,-1,60,55,84,1.5,1.7,2,0.8,3,5,290,75,1014,250,48.1286,5.3586,7425.6
2,5,0,45,85,82,2.2,2.4,2.8,1.1,5,5,290,70,1015,250,48.1286,5.3586,10483.2
3,10,2,50,130,80,3.3,3.6,4.3,1.5,10,4.5,260,65,1016,250,48.1286,5.3586,15724.8
4,14,5,40,165,77,4.3,4.7,5.5,1.8,14,4.5,260,60,1015,250,48.1286,5.3586,20529.6
5,18,9,45,215,73,5.5,5.9,6.7,2.3,18,4,230,55,1014,250,48.1286,5.3586,25771.2
6,22,12,55,225,70,6.5,6.8,7.5,2.5,22,4,230,50,1013,250,48.1286,5.3586,29702.4
7,24,14,60,235,72,6.8,7.1,7.8,2.6,24,3.5,200,45,1012,250,48.1286,5.3586,31012.8
8,24,14,65,220,74,6.5,6.8,7.5,2.5,24,3.5,200,50,1012,250,48.1286,5.3586,29702.4
9,20,11,70,170,77,5.2,5.5,6,2,20,4,170,55,1013,250,48.1286,5.3586,24024
10,15,8,75,120,79,3.7,4,4.5,1.5,15,4.5,170,60,1014,250,48.1286,5.3586,17472
11,9,4,70,75,83,2.5,2.8,3.2,1.1,9,5,140,70,1015,250,48.1286,5.3586,12230.4
12,4,1,65,55,85,1.8,2,2.3,0.8,4,5,140,75,1016,250,48.1286,5.3586,8736
1,3,-2,60,50,85,0.7,0.9,1.1,0.4,3,3,280,70,1018,500,48.7904,11.4979,3931.2
2,5,0,50,70,80,1,1.2,1.5,0.6,5,3.2,270,65,1017,500,48.7904,11.4979,5241.6
3,10,2,55,110,75,1.8,2,2.3,1,10,3.5,260,60,1016,500,48.7904,11.4979,8736
4,15,6,60,150,70,2.8,3,3.5,1.5,15,3.8,250,55,1015,500,48.7904,11.4979,13104
5,20,10,70,200,65,4,4.3,4.8,2.2,20,3.5,240,50,1014,500,48.7904,11.4979,18782.4
6,24,14,80,220,60,5,5.3,5.8,2.8,24,3.2,230,45,1013,500,48.7904,11.4979,23150.4
7,26,16,90,240,60,5.5,5.8,6.3,3,26,3,220,40,1012,500,48.7904,11.4979,25334.4
8,25,15,85,230,60,5.2,5.5,6,2.8,25,3,220,40,1012,500,48.7904,11.4979,24024
9,20,10,75,180,65,4,4.3,4.5,2.2,20,3.3,240,45,1013,500,48.7904,11.4979,18782.4
10,15,6,65,130,70,2.8,3,3.3,1.7,15,3.5,250,50,1015,500,48.7904,11.4979,13104
11,8,2,60,80,80,1.5,2,2.2,1,8,3.8,270,60,1017,500,48.7904,11.4979,8736
12,4,-1,55,50,85,0.7,0.9,1.1,0.4,4,3.2,280,70,1018,500,48.7904,11.4979,3931.2
1,5,-8,20,180,65,2.5,2.2,1.8,1,-1.5,3,270,60,1018,1600,39.5501,-105.7821,9609.6
2,7,-6,15,200,60,3,2.7,2.2,1.2,0.5,3.2,265,55,1017,1600,39.5501,-105.7821,11793.6
3,10,-3,30,220,55,4,3.5,3,1.5,3.5,3.4,260,50,1016,1600,39.5501,-105.7821,15288
4,15,2,40,240,50,5,4.5,4,2,8.5,3.5,255,45,1015,1600,39.5501,-105.7821,19656
5,19,6,50,270,45,6,5.5,5,2.5,12.5,3.6,250,40,1014,1600,39.5501,-105.7821,24024
6,25,11,60,300,40,6.5,6,5.5,2.8,18,3.8,245,35,1013,1600,39.5501,-105.7821,26208
7,30,15,50,320,35,6.8,6.3,5.8,3,22.5,4,240,30,1012,1600,39.5501,-105.7821,27518.4
8,29,14,40,310,35,6.5,6,5.5,2.8,21.5,3.9,240,32,1013,1600,39.5501,-105.7821,26208
9,24,9,35,280,45,5.5,5,4.5,2.2,16.5,3.5,250,40,1014,1600,39.5501,-105.7821,21840
10,17,3,25,240,50,4,3.7,3.2,1.8,10,3.3,255,45,1015,1600,39.5501,-105.7821,16161.6
11,10,-3,20,200,55,3,2.7,2.2,1.2,3.5,3.2,260,50,1016,1600,39.5501,-105.7821,11793.6
12,5,-8,20,180,60,2.5,2.2,1.8,1,-1.5,3,265,55,1017,1600,39.5501,-105.7821,9609.6
1,2,-5,45,80,85,1.2,1.4,1.7,0.7,2,3,270,60,1020,500,46.2276,7.3031,6115.2
2,4,-3,40,110,80,1.8,2,2.3,1,4,3.2,260,55,1018,500,46.2276,7.3031,8736
3,8,0,50,160,75,3,3.2,4,1.3,8,3.5,250,50,1016,500,46.2276,7.3031,13977.6
4,13,3,60,200,70,4,4.3,5,1.5,13,4,240,45,1015,500,46.2276,7.3031,18782.4
5,18,8,75,220,65,5.5,5.8,6.5,2,18,3.8,230,40,1014,500,46.2276,7.3031,25334.4
6,22,12,80,240,60,6.2,6.5,7.2,2.3,22,3.5,220,35,1013,500,46.2276,7.3031,28392
7,25,14,60,280,55,7,7.2,8,2.5,25,3,210,30,1012,500,46.2276,7.3031,31449.6
8,24,13,55,260,55,6.8,6.9,7.6,2.4,24,3,210,30,1012,500,46.2276,7.3031,30139.2
9,20,10,50,210,65,5,5.2,5.8,1.9,20,3.3,220,40,1013,500,46.2276,7.3031,22713.6
10,14,5,65,160,70,3.5,3.7,4.3,1.4,14,3.5,230,45,1015,500,46.2276,7.3031,16161.6
1,-1,-8,55,100,85,1.2,1.5,2,0.8,-1,3.5,270,70,1015,100,43.6532,-79.3832,6552
2,0,-7,45,120,80,1.5,1.8,2.5,1,0,3.8,260,65,1016,100,43.6532,-79.3832,7862.4
3,5,-2,50,140,75,2,2.5,3,1.5,5,4,250,60,1018,100,43.6532,-79.3832,10920
4,12,3,60,160,70,3,3.5,4,2,12,4.2,240,55,1016,100,43.6532,-79.3832,15288
5,18,8,70,200,65,4,4.5,5.5,2.5,18,3.8,230,50,1014,100,43.6532,-79.3832,19656
6,23,13,80,220,60,5.5,6,6.5,3,23,3.5,220,45,1013,100,43.6532,-79.3832,26208
7,26,16,90,240,55,6.5,7,7.5,3.5,26,3.2,210,40,1012,100,43.6532,-79.3832,30576
8,25,15,80,230,55,6,6.5,7,3.3,25,3,210,40,1012,100,43.6532,-79.3832,28392
9,21,11,70,200,60,5,5.5,6,3,21,3.3,220,45,1014,100,43.6532,-79.3832,24024
10,14,5,60,180,65,3,3.5,4,2,14,3.5,230,50,1016,100,43.6532,-79.3832,15288
11,7,0,55,120,75,2,2.5,3,1.5,7,3.8,250,60,1018,100,43.6532,-79.3832,10920
12,1,-6,60,100,80,1.5,2,2.5,1,1,3.5,270,70,1015,100,43.6532,-79.3832,8736
1,4,-1,60,55,84,1.5,1.7,2,0.8,4,5,290,75,1014,3,52.5186,5.4714,7425.6
2,5,0,45,85,82,2.2,2.4,2.8,1.1,5,5,290,70,1015,3,52.5186,5.4714,10483.2
3,9,2,50,130,80,3.3,3.6,4.3,1.5,9,4.5,260,65,1016,3,52.5186,5.4714,15724.8
4,13,5,40,165,77,4.3,4.7,5.5,1.8,13,4.5,260,60,1015,3,52.5186,5.4714,20529.6
5,18,10,45,215,73,5.5,5.9,6.7,2.3,18,4,230,55,1014,3,52.5186,5.4714,25771.2
6,21,13,55,225,70,6.5,6.8,7.5,2.5,21,4,230,50,1013,3,52.5186,5.4714,29702.4
7,23,15,60,235,72,6.8,7.1,7.8,2.6,23,3.5,200,45,1012,3,52.5186,5.4714,31012.8
8,23,15,65,220,74,6.5,6.8,7.5,2.5,23,3.5,200,50,1012,3,52.5186,5.4714,29702.4
9,20,12,70,170,77,5.2,5.5,6,2,20,4,170,55,1013,3,52.5186,5.4714,24024
10,15,8,75,120,79,3.7,4,4.5,1.5,15,4.5,170,60,1014,3,52.5186,5.4714,17472
11,9,3,70,75,83,2.5,2.8,3.2,1.1,9,5,140,70,1015,3,52.5186,5.4714,12230.4
12,5,1,65,55,85,1.8,2,2.3,0.8,5,5,140,75,1016,3,52.5186,5.4714,8736
1,4,-2,70,60,85,0.8,1,1.2,0.5,4,3.5,270,70,1018,436,47.0502,8.3093,4368
2,6,-1,60,80,80,1.2,1.5,1.8,0.8,6,3.8,260,65,1017,436,47.0502,8.3093,6552
3,10,2,70,120,75,2,2.2,2.5,1.2,10,4,250,60,1016,436,47.0502,8.3093,9609.6
4,15,6,80,160,70,3,3.3,3.5,1.7,15,4.2,240,55,1015,436,47.0502,8.3093,14414.4
5,20,10,90,200,65,4,4.5,4.8,2.2,20,4,230,50,1014,436,47.0502,8.3093,19656
6,24,14,100,220,60,5,5.5,5.8,2.8,24,3.8,220,45,1013,436,47.0502,8.3093,24024
7,26,16,110,240,60,5.5,6,6.3,3,26,3.5,210,40,1012,436,47.0502,8.3093,26208
8,25,15,100,220,60,5.2,5.7,6,2.8,25,3.5,210,40,1012,436,47.0502,8.3093,24897.6
9,21,12,90,180,65,4,4.3,4.5,2.2,21,3.8,230,45,1013,436,47.0502,8.3093,18782.4
10,15,8,80,140,70,2.8,3,3.3,1.7,15,4,240,50,1015,436,47.0502,8.3093,13104
11,8,3,70,90,80,1.5,2,2.2,1,8,4.2,250,60,1017,436,47.0502,8.3093,8736
12,4,0,70,60,85,0.8,1,1.2,0.5,4,3.8,270,70,1018,436,47.0502,8.3093,4368
1,-5.39,-11.6,0.7,5,40,3.5,3.5,4,2.5,-8.5,2,350,50,1032,1100,38.47,106.27,15288
2,-1.68,-6.1,1.3,6,36,4,4,4.5,2.8,-3.9,2.5,10,45,1027,1100,38.47,106.27,17472
3,5.82,-0.3,4,7.5,31,4.5,4.5,5,3,2.8,3,30,40,1020,1100,38.47,106.27,19656
4,12.75,5.1,7.8,8.5,33,5,5,5.5,3.2,8.9,3.5,50,35,1015,1100,38.47,106.27,21840
5,17.49,10.4,20,9.5,38,5.5,5.5,6,3.5,14,4,70,30,1010,1100,38.47,106.27,24024
6,22.09,15.6,30,10,44,6,6,6.5,4,20.3,4.5,90,25,1005,1100,38.47,106.27,26208
7,24.06,17.6,50,10.5,51,6.5,6.5,7,4.5,22.3,5,110,20,1000,1100,38.47,106.27,28392
8,22.52,17.1,40,10,48,6,6,6.5,4,20.5,4.5,130,25,1005,1100,38.47,106.27,26208
9,17.16,12.2,30,8.5,45,5.5,5.5,6,3.5,15,4,150,30,1010,1100,38.47,106.27,24024
10,11.04,5.1,10,7,38,4.5,4.5,5,3,9,3.5,170,35,1015,1100,38.47,106.27,19656
11,3.38,-0.3,5,6,36,4,4,4.5,2.8,2.5,2.5,190,40,1020,1100,38.47,106.27,17472
12,-3.79,-6.1,1,5,40,3.5,3.5,4,2.5,-6,2,210,50,1030,1100,38.47,106.27,15288
1,4,-1,69,45,85,1.5,1.7,2,0.8,4,4.5,270,70,1015,0,51.6933,4.16,7425.6
2,5,0,51,78,83,2,2.2,2.5,1,5,4.5,270,65,1016,0,51.6933,4.16,9609.6
3,9,2,55,120,80,3,3.3,4,1.2,9,4,240,60,1017,0,51.6933,4.16,14414.4
4,12,5,43,158,75,4,4.4,5,1.5,12,4,240,55,1016,0,51.6933,4.16,19219.2
5,17,9,49,200,72,5,5.5,6.2,1.8,17,3.5,210,50,1015,0,51.6933,4.16,24024
6,20,12,64,204,70,6,6.5,7,2,20,3.5,210,45,1014,0,51.6933,4.16,28392
7,22,14,73,210,72,6.5,6.7,7.2,2.1,22,3,180,40,1013,0,51.6933,4.16,29265.6
8,22,14,75,198,74,6.2,6.4,7,2,22,3,180,45,1013,0,51.6933,4.16,27955.2
9,19,11,86,149,77,4.5,5.3,5.5,1.6,19,3.5,150,50,1014,0,51.6933,4.16,23150.4
10,15,8,88,101,82,3,3.5,4,1.2,15,4,150,55,1015,0,51.6933,4.16,15288
11,9,4,84,63,86,2,2.5,3,1,9,4.5,120,65,1016,0,51.6933,4.16,10920
12,5,1,76,45,87,1.5,1.8,2,0.8,5,4.5,120,70,1017,0,51.6933,4.16,7862.4
1,7,0,60,120,85,1.5,1.2,1,0.8,3.5,3,270,60,1015,44,44.4949,11.3426,5241.6
2,10,2,50,130,80,2.2,1.8,1.5,1.2,6,3.2,260,55,1016,44,44.4949,11.3426,7862.4
3,14,5,65,160,75,3.6,3,2.8,1.8,9.5,3.4,250,50,1017,44,44.4949,11.3426,13104
4,17,8,70,180,70,4.8,4.2,3.8,2.4,12.5,3.6,240,45,1018,44,44.4949,11.3426,18345.6
5,22,12,75,210,65,5.5,5,4.5,2.8,17,3.5,230,40,1019,44,44.4949,11.3426,21840
6,26,16,50,240,60,6.5,6,5.5,3.5,21,3.4,220,35,1020,44,44.4949,11.3426,26208
7,29,18,40,280,55,7,6.5,6,3.8,23.5,3.3,210,30,1021,44,44.4949,11.3426,28392
8,28,18,45,270,55,6.8,6.3,5.8,3.6,23,3.2,200,32,1020,44,44.4949,11.3426,27518.4
9,24,14,70,210,65,5.3,4.8,4.5,2.8,19,3.1,210,40,1019,44,44.4949,11.3426,20966.4
10,18,10,80,180,75,4,3.6,3.2,2,14,3,220,50,1018,44,44.4949,11.3426,15724.8
11,11,4,90,130,80,2.2,2,1.8,1.2,7.5,2.9,240,55,1017,44,44.4949,11.3426,8736
12,7,1,65,110,85,1.5,1.3,1,0.8,4,3,260,60,1016,44,44.4949,11.3426,5678.4
1,4,-1,68,48,83,1.6,1.8,2.1,0.8,4,4.5,270,70,1015,7,51.8286,5.5347,7862.4
2,5,0,50,82,81,2.2,2.4,2.9,1.2,5,4.5,270,65,1016,7,51.8286,5.5347,10483.2
3,10,2,55,130,79,3.4,3.6,4.4,1.5,10,4,240,60,1017,7,51.8286,5.5347,15724.8
4,14,6,48,165,74,4.5,4.8,5.6,1.8,14,4,240,55,1016,7,51.8286,5.5347,20966.4
5,19,11,52,215,70,5.6,5.9,6.7,2.3,19,3.5,210,50,1015,7,51.8286,5.5347,25771.2
6,22,14,63,225,68,6.4,6.7,7.4,2.5,22,3.5,210,45,1014,7,51.8286,5.5347,29265.6
7,24,16,70,235,70,6.8,7,7.7,2.6,24,3,180,40,1013,7,51.8286,5.5347,30576
8,24,16,72,220,73,6.5,6.7,7.4,2.5,24,3,180,45,1013,7,51.8286,5.5347,29265.6
9,21,13,79,165,75,5.3,5.5,6,2,21,3.5,150,50,1014,7,51.8286,5.5347,24024
10,16,9,81,115,80,3.7,3.9,4.3,1.5,16,4,150,55,1015,7,51.8286,5.5347,17035.2
11,10,4,78,72,84,2.6,2.8,3.2,1.1,10,4.5,120,65,1016,7,51.8286,5.5347,12230.4
12,6,2,70,48,85,1.7,1.9,2.1,0.8,6,4.5,120,70,1017,7,51.8286,5.5347,8299.2
1,8,1,45,70,75,1,1.2,1.5,0.5,8,4,290,65,1019,35,44.172,4.749,5241.6
2,10,2,35,90,70,1.5,1.8,2,0.8,10,4.2,280,60,1018,35,44.172,4.749,7862.4
3,13,4,40,120,65,2,2.2,2.5,1,13,4.5,270,55,1017,35,44.172,4.749,9609.6
4,17,7,45,160,60,3,3.3,3.5,1.5,17,4.8,260,50,1016,35,44.172,4.749,14414.4
5,21,11,55,200,55,4,4.3,4.8,2.2,21,4.5,250,45,1015,35,44.172,4.749,18782.4
6,25,15,65,220,50,5,5.3,5.8,2.8,25,4.2,240,40,1014,35,44.172,4.749,23150.4
7,28,18,75,250,50,5.5,5.8,6.3,3,28,4,230,35,1013,35,44.172,4.749,25334.4
8,27,17,70,240,50,5.3,5.5,6,2.8,27,4,230,35,1013,35,44.172,4.749,24024
9,23,14,60,200,55,4,4.3,4.5,2.2,23,4.3,250,40,1014,35,44.172,4.749,18782.4
10,18,9,55,150,60,2.8,3,3.3,1.7,18,4.5,260,45,1016,35,44.172,4.749,13104
11,13,5,50,100,70,1.5,2,2.2,1,13,4.8,280,55,1018,35,44.172,4.749,8736
12,9,2,45,70,75,1,1.2,1.5,0.5,9,4.2,290,65,1019,35,44.172,4.749,5241.6
1,4,-1,60,50,85,0.7,0.9,1.1,0.4,4,3,270,70,1018,208,47.859,4.574,3931.2
2,6,0,50,70,80,1,1.2,1.5,0.6,6,3.2,260,65,1017,208,47.859,4.574,5241.6
3,10,2,55,110,75,1.8,2,2.3,1,10,3.5,250,60,1016,208,47.859,4.574,8736
4,15,6,60,150,70,2.8,3,3.5,1.5,15,3.8,240,55,1015,208,47.859,4.574,13104
5,20,10,70,200,65,4,4.3,4.8,2.2,20,3.5,230,50,1014,208,47.859,4.574,18782.4
6,24,14,80,220,60,5,5.3,5.8,2.8,24,3.2,220,45,1013,208,47.859,4.574,23150.4
7,26,16,90,240,60,5.5,5.8,6.3,3,26,3,210,40,1012,208,47.859,4.574,25334.4
8,25,15,85,230,60,5.2,5.5,6,2.8,25,3,210,40,1012,208,47.859,4.574,24024
9,21,11,75,180,65,4,4.3,4.5,2.2,21,3.3,230,45,1013,208,47.859,4.574,18782.4
10,15,6,65,130,70,2.8,3,3.3,1.7,15,3.5,240,50,1015,208,47.859,4.574,13104
11,8,2,60,80,80,1.5,2,2.2,1,8,3.8,250,60,1017,208,47.859,4.574,8736
12,4,-1,55,50,85,0.7,0.9,1.1,0.4,4,3.2,270,70,1018,208,47.859,4.574,3931.2
1,4,-4,85.09,150,77,1.5,2.5,3,1,4,5.8,270,60,1018.5,9,40.0583,-74.4057,10920
2,5,-3,76.96,155,75,1.6,2.6,3.1,1.1,5,5.8,270,58,1018.7,9,40.0583,-74.4057,11356.8
3,10,2,112.52,180,70,1.7,2.7,3.2,1.2,10,6.3,270,55,1016,9,40.0583,-74.4057,11793.6
4,17,7,111.76,210,66,1.8,2.8,3.3,1.3,17,6.3,270,52,1014.5,9,40.0583,-74.4057,12230.4
5,22,12,98.04,240,68,1.9,2.9,3.4,1.4,22,5.4,270,50,1014,9,40.0583,-74.4057,12667.2
6,27,17,86.11,270,70,2,3,3.5,1.5,27,4.9,270,48,1013,9,40.0583,-74.4057,13104
7,30,20,104.14,300,75,2.1,3.1,3.6,1.6,30,4.5,270,45,1012.5,9,40.0583,-74.4057,13540.8
8,29,19,113.03,270,76,2.2,3.2,3.7,1.7,29,4.5,270,42,1013,9,40.0583,-74.4057,13977.6
9,25,15,101.6,240,73,2.3,3.3,3.8,1.8,25,5.4,270,40,1015,9,40.0583,-74.4057,14414.4
10,19,9,90.68,210,74,2.4,3.4,3.9,1.9,19,5.8,270,38,1016.5,9,40.0583,-74.4057,14851.2
11,12,3,87.63,150,76,2.5,3.5,4,2,12,5.4,270,36,1018,9,40.0583,-74.4057,15288
12,6,-1,91.95,150,78,2.6,3.6,4.1,2.1,6,5.4,270,34,1019.5,9,40.0583,-74.4057,15724.8
1,-1,-9,25.91,158,78,1.4,2.4,2.9,0.9,-1,6.7,270,65,1020.58,268,41.878,-93.097,10483.2
2,2,-7,32,163,76,1.5,2.5,3,1,-0.6,6.7,270,63,1020.35,268,41.878,-93.097,10920
3,9,-1,56.9,204,68,1.6,2.6,3.1,1.1,4.4,7.2,270,60,1020.02,268,41.878,-93.097,11356.8
4,17,4,98.04,222,63,1.7,2.7,3.2,1.2,10.6,7.2,270,58,1015.54,268,41.878,-93.097,11793.6
5,22,10,116.84,275,67,1.8,2.8,3.3,1.3,15,6.3,270,55,1015.47,268,41.878,-93.097,12230.4
6,28,17,126.49,312,70,1.9,2.9,3.4,1.4,20,5.4,270,53,1014.18,268,41.878,-93.097,12667.2
7,30,18,113.03,337,74,2,3,3.5,1.5,23,4.5,270,50,1014.13,268,41.878,-93.097,13104
8,28,17,104.14,297,75,2.1,3.1,3.6,1.6,22.2,4.5,270,48,1014.96,268,41.878,-93.097,13540.8
9,25,13,76.96,240,71,2.2,3.2,3.7,1.7,18.3,5.8,270,45,1016.1,268,41.878,-93.097,13977.6
10,20,6,67.06,210,70,2.3,3.3,3.8,1.8,12.2,5.4,270,43,1017.5,268,41.878,-93.097,14414.4
11,10,-1,55.12,138,78,2.4,3.4,3.9,1.9,4.4,6.3,270,40,1021.64,268,41.878,-93.097,14851.2
12,1,-7,35.05,130,78,2.5,3.5,4,2,-1.1,6.3,270,38,1022.84,268,41.878,-93.097,15288
1,2,-6,61.47,120,80,1.2,2.2,2.7,0.8,2,5.4,270,65,1019.5,265,40.417,-82.9071,9609.6
2,4,-5,56.39,130,78,1.3,2.3,2.8,0.9,4,5.4,270,63,1019.7,265,40.417,-82.9071,10046.4
3,10,0,76.2,160,73,1.4,2.4,2.9,1,10,5.8,270,60,1018,265,40.417,-82.9071,10483.2
4,17,5,84.33,190,69,1.5,2.5,3,1.1,17,6.3,270,58,1016.5,265,40.417,-82.9071,10920
5,22,11,101.6,220,70,1.6,2.6,3.1,1.2,22,5.4,270,55,1016,265,40.417,-82.9071,11356.8
6,27,16,90.93,250,72,1.7,2.7,3.2,1.3,27,4.9,270,53,1015,265,40.417,-82.9071,11793.6
7,30,18,95.25,270,74,1.8,2.8,3.3,1.4,30,4.5,270,50,1014.5,265,40.417,-82.9071,12230.4
8,29,18,87.88,240,75,1.9,2.9,3.4,1.5,29,4.5,270,48,1015,265,40.417,-82.9071,12667.2
9,25,14,78.99,200,73,2,3,3.5,1.6,25,5.4,270,45,1016.5,265,40.417,-82.9071,13104
10,18,8,71.12,180,75,2.1,3.1,3.6,1.7,18,5.8,270,43,1018,265,40.417,-82.9071,13540.8
11,10,2,81.28,140,78,2.2,3.2,3.7,1.8,10,5.4,270,40,1019.5,265,40.417,-82.9071,13977.6
12,4,-3,71.12,120,80,2.3,3.3,3.8,1.9,4,5.4,270,38,1020.5,265,40.417,-82.9071,14414.4
1,-6,-14,38.1,60,85,0.5,1.5,2,0.5,-6,3.6,270,70,1018,30,64.2008,-149.4937,6552
2,-4,-12,36.1,80,84,0.6,1.6,2.1,0.6,-4,3.6,270,68,1018.3,30,64.2008,-149.4937,6988.8
3,-1,-9,36.1,120,82,0.7,1.7,2.2,0.7,-1,3.6,270,65,1017.5,30,64.2008,-149.4937,7425.6
4,6,-2,28.4,160,78,0.8,1.8,2.3,0.8,6,3.1,270,60,1016,30,64.2008,-149.4937,7862.4
5,13,3,21.3,200,75,1,2,2.5,1,13,2.7,270,55,1015,30,64.2008,-149.4937,8736
6,18,8,31.8,240,73,1.2,2.2,2.7,1.2,18,2.2,270,50,1014.5,30,64.2008,-149.4937,9609.6
7,20,11,36.1,260,75,1.3,2.3,2.8,1.3,20,2.2,270,48,1014,30,64.2008,-149.4937,10046.4
8,18,10,51.3,220,77,1.4,2.4,2.9,1.4,18,2.2,270,50,1014,30,64.2008,-149.4937,10483.2
9,12,5,53.6,160,79,1.5,2.5,3,1.5,12,2.7,270,55,1015,30,64.2008,-149.4937,10920
10,5,-2,43.2,100,82,1.6,2.6,3.1,1.6,5,3.1,270,60,1016,30,64.2008,-149.4937,11356.8
11,-2,-9,41.9,70,84,0.7,1.7,2.2,0.7,-2,3.6,270,65,1017.5,30,64.2008,-149.4937,7425.6
12,-5,-13,36.1,50,86,0.6,1.6,2.1,0.6,-5,3.6,270,68,1018,30,64.2008,-149.4937,6988.8
1,19,6,23.6,250,43,2.5,3.5,4,2,19,4.9,270,25,1018,610,34.0489,-111.0937,15288
2,21,8,25.4,260,41,2.6,3.6,4.1,2.1,21,4.9,270,23,1018.5,610,34.0489,-111.0937,15724.8
3,25,11,28.7,280,38,2.7,3.7,4.2,2.2,25,5.4,270,20,1017,610,34.0489,-111.0937,16161.6
4,29,14,7.6,300,34,2.8,3.8,4.3,2.3,29,5.8,270,18,1016,610,34.0489,-111.0937,16598.4
5,34,18,3.3,320,28,3,4,4.5,2.5,34,6.3,270,15,1015,610,34.0489,-111.0937,17472
6,39,23,2.8,340,24,3.2,4.2,4.7,2.7,39,6.7,270,12,1014,610,34.0489,-111.0937,18345.6
7,41,27,25.4,350,34,3.3,4.3,4.8,2.8,41,6.7,270,20,1013,610,34.0489,-111.0937,18782.4
8,39,26,32.3,330,39,3.4,4.4,4.9,2.9,39,6.7,270,22,1013,610,34.0489,-111.0937,19219.2
9,36,22,25.4,300,38,3.5,4.5,5,3,36,5.8,270,20,1014,610,34.0489,-111.0937,19656
10,30,16,16.8,280,38,3.6,4.6,5.1,3.1,30,5.4,270,18,1015,610,34.0489,-111.0937,20092.8
11,23,10,18,260,43,3.7,4.7,5.2,3.2,23,4.9,270,23,1016,610,34.0489,-111.0937,20529.6
12,18,6,27.9,250,46,3.8,4.8,5.3,3.3,18,4.9,270,25,1017,610,34.0489,-111.0937,20966.4
1,7,-2,61,150,68,1.5,2.5,3,1,7,5.4,270,65,1018,6,38.8951,-77.0364,10920
2,9,-1,59,155,66,1.6,2.6,3.1,1.1,9,5.4,270,63,1018.5,6,38.8951,-77.0364,11356.8
3,14,3,84,180,64,1.7,2.7,3.2,1.2,14,5.8,270,60,1017,6,38.8951,-77.0364,11793.6
4,20,8,74,210,62,1.8,2.8,3.3,1.3,20,6.3,270,58,1016,6,38.8951,-77.0364,12230.4
5,25,13,85,240,64,1.9,2.9,3.4,1.4,25,5.4,270,55,1015,6,38.8951,-77.0364,12667.2
6,30,18,93,270,66,2,3,3.5,1.5,30,4.9,270,53,1014,6,38.8951,-77.0364,13104
7,32,21,97,300,68,2.1,3.1,3.6,1.6,32,4.9,270,50,1013,6,38.8951,-77.0364,13540.8
8,31,20,91,270,70,2.2,3.2,3.7,1.7,31,4.9,270,48,1014,6,38.8951,-77.0364,13977.6
9,27,16,86,240,68,2.3,3.3,3.8,1.8,27,5.4,270,45,1015,6,38.8951,-77.0364,14414.4
10,21,10,79,210,68,2.4,3.4,3.9,1.9,21,5.8,270,43,1016,6,38.8951,-77.0364,14851.2
11,15,4,77,150,70,2.5,3.5,4,2,15,5.4,270,40,1017,6,38.8951,-77.0364,15288
12,9,0,76,130,72,2.6,3.6,4.1,2.1,9,5.4,270,38,1018,6,38.8951,-77.0364,15724.8
1,3,-2,48,80,84,0.6,1.6,2.1,0.6,3,3.6,270,70,1018,250,48.6616,9.3501,6988.8
2,5,-1,43,100,82,0.7,1.7,2.2,0.7,5,3.6,270,68,1018.3,250,48.6616,9.3501,7425.6
3,10,2,54,120,80,0.8,1.8,2.3,0.8,10,3.6,270,65,1017.5,250,48.6616,9.3501,7862.4
4,15,5,60,160,76,1,2,2.5,1,15,3.1,270,60,1016,250,48.6616,9.3501,8736
5,19,10,72,200,73,1.2,2.2,2.7,1.2,19,2.7,270,55,1015,250,48.6616,9.3501,9609.6
6,23,13,86,240,70,1.5,2.5,3,1.5,23,2.2,270,50,1014.5,250,48.6616,9.3501,10920
7,26,15,88,260,68,1.7,2.7,3.2,1.7,26,2.2,270,48,1014,250,48.6616,9.3501,11793.6
8,25,14,74,240,70,1.8,2.8,3.3,1.8,25,2.2,270,50,1014,250,48.6616,9.3501,12230.4
9,20,11,67,200,73,1.5,2.5,3,1.5,20,2.7,270,55,1015,250,48.6616,9.3501,10920
10,14,6,55,160,76,1.2,2.2,2.7,1.2,14,3.1,270,60,1016,250,48.6616,9.3501,9609.6
11,8,2,57,100,80,0.8,1.8,2.3,0.8,8,3.6,270,65,1017.5,250,48.6616,9.3501,7862.4
12,4,-1,61,80,84,0.6,1.6,2.1,0.6,4,3.6,270,68,1018,250,48.6616,9.3501,6988.8
1,2,-4,40,70,85,0.5,1.5,2,0.5,2,3.6,270,70,1018,500,48.7904,11.4979,6552
2,4,-3,35,90,83,0.6,1.6,2.1,0.6,4,3.6,270,68,1018.3,500,48.7904,11.4979,6988.8
3,9,0,45,110,81,0.7,1.7,2.2,0.7,9,3.6,270,65,1017.5,500,48.7904,11.4979,7425.6
4,14,4,55,150,77,1,2,2.5,1,14,3.1,270,60,1016,500,48.7904,11.4979,8736
5,19,9,70,190,74,1.2,2.2,2.7,1.2,19,2.7,270,55,1015,500,48.7904,11.4979,9609.6
6,23,13,85,230,71,1.5,2.5,3,1.5,23,2.2,270,50,1014.5,500,48.7904,11.4979,10920
7,26,15,90,250,69,1.7,2.7,3.2,1.7,26,2.2,270,48,1014,500,48.7904,11.4979,11793.6
8,25,14,80,230,71,1.8,2.8,3.3,1.8,25,2.2,270,50,1014,500,48.7904,11.4979,12230.4
9,20,10,60,190,73,1.5,2.5,3,1.5,20,2.7,270,55,1015,500,48.7904,11.4979,10920
10,14,5,50,150,76,1.2,2.2,2.7,1.2,14,3.1,270,60,1016,500,48.7904,11.4979,9609.6
11,8,1,55,90,80,0.8,1.8,2.3,0.8,8,3.6,270,65,1017.5,500,48.7904,11.4979,7862.4
12,3,-3,60,70,84,0.6,1.6,2.1,0.6,3,3.6,270,68,1018,500,48.7904,11.4979,6988.8
1,3,-2,45,70,84,0.6,1.6,2.1,0.6,3,3.6,270,70,1018,300,50.6521,9.1624,6988.8
2,5,-1,40,90,82,0.7,1.7,2.2,0.7,5,3.6,270,68,1018.3,300,50.6521,9.1624,7425.6
3,9,1,50,110,80,0.8,1.8,2.3,0.8,9,3.6,270,65,1017.5,300,50.6521,9.1624,7862.4
4,15,5,60,150,76,1,2,2.5,1,15,3.1,270,60,1016,300,50.6521,9.1624,8736
5,19,10,75,190,73,1.2,2.2,2.7,1.2,19,2.7,270,55,1015,300,50.6521,9.1624,9609.6
6,23,14,85,230,71,1.5,2.5,3,1.5,23,2.2,270,50,1014.5,300,50.6521,9.1624,10920
7,26,16,90,250,69,1.7,2.7,3.2,1.7,26,2.2,270,48,1014,300,50.6521,9.1624,11793.6
8,25,15,80,230,71,1.8,2.8,3.3,1.8,25,2.2,270,50,1014,300,50.6521,9.1624,12230.4
9,20,11,70,190,73,1.5,2.5,3,1.5,20,2.7,270,55,1015,300,50.6521,9.1624,10920
10,14,6,55,150,76,1.2,2.2,2.7,1.2,14,3.1,270,60,1016,300,50.6521,9.1624,9609.6
11,8,2,60,90,80,0.8,1.8,2.3,0.8,8,3.6,270,65,1017.5,300,50.6521,9.1624,7862.4
12,4,-1,65,70,84,0.6,1.6,2.1,0.6,4,3.6,270,68,1018,300,50.6521,9.1624,6988.8
1,4,-1,50,70,85,0.6,1.6,2.1,0.6,4,3.6,270,70,1018,60,52.6367,9.8451,6988.8
2,5,0,40,90,82,0.7,1.7,2.2,0.7,5,3.6,270,68,1018.3,60,52.6367,9.8451,7425.6
3,9,2,50,110,80,0.8,1.8,2.3,0.8,9,3.6,270,65,1017.5,60,52.6367,9.8451,7862.4
4,14,5,60,150,76,1,2,2.5,1,14,3.1,270,60,1016,60,52.6367,9.8451,8736
5,19,10,75,190,73,1.2,2.2,2.7,1.2,19,2.7,270,55,1015,60,52.6367,9.8451,9609.6
6,23,14,85,230,71,1.5,2.5,3,1.5,23,2.2,270,50,1014.5,60,52.6367,9.8451,10920
7,26,16,90,250,69,1.7,2.7,3.2,1.7,26,2.2,270,48,1014,60,52.6367,9.8451,11793.6
8,25,15,80,230,71,1.8,2.8,3.3,1.8,25,2.2,270,50,1014,60,52.6367,9.8451,12230.4
9,20,11,70,190,73,1.5,2.5,3,1.5,20,2.7,270,55,1015,60,52.6367,9.8451,10920
10,14,6,55,150,76,1.2,2.2,2.7,1.2,14,3.1,270,60,1016,60,52.6367,9.8451,9609.6
11,8,2,60,90,80,0.8,1.8,2.3,0.8,8,3.6,270,65,1017.5,60,52.6367,9.8451,7862.4
12,4,0,65,70,84,0.6,1.6,2.1,0.6,4,3.6,270,68,1018,60,52.6367,9.8451,6988.8
1,5,0,55,60,86,0.6,1.6,2.1,0.6,5,3.6,270,72,1018,85,51.4332,7.6616,6988.8
2,6,1,48,80,84,0.7,1.7,2.2,0.7,6,3.6,270,70,1018.3,85,51.4332,7.6616,7425.6
3,10,3,60,100,81,0.8,1.8,2.3,0.8,10,3.6,270,67,1017.5,85,51.4332,7.6616,7862.4
4,15,6,70,140,77,1,2,2.5,1,15,3.1,270,62,1016,85,51.4332,7.6616,8736
5,20,10,80,180,74,1.2,2.2,2.7,1.2,20,2.7,270,58,1015,85,51.4332,7.6616,9609.6
6,24,13,90,220,71,1.5,2.5,3,1.5,24,2.2,270,54,1014.5,85,51.4332,7.6616,10920
7,26,15,95,240,70,1.7,2.7,3.2,1.7,26,2.2,270,50,1014,85,51.4332,7.6616,11793.6
8,25,15,85,220,71,1.8,2.8,3.3,1.8,25,2.2,270,52,1014,85,51.4332,7.6616,12230.4
9,21,12,75,180,73,1.5,2.5,3,1.5,21,2.7,270,58,1015,85,51.4332,7.6616,10920
10,14,8,65,140,76,1.2,2.2,2.7,1.2,14,3.1,270,62,1016,85,51.4332,7.6616,9609.6
11,9,3,70,90,80,0.8,1.8,2.3,0.8,9,3.6,270,67,1017.5,85,51.4332,7.6616,7862.4
12,5,0,75,70,84,0.6,1.6,2.1,0.6,5,3.6,270,72,1018,85,51.4332,7.6616,6988.8
1,2,-3,50,60,86,0.6,1.6,2.1,0.6,2,3.6,270,72,1018,200,51.1045,13.2017,6988.8
2,4,-2,45,80,84,0.7,1.7,2.2,0.7,4,3.6,270,70,1018.3,200,51.1045,13.2017,7425.6
3,9,1,55,100,81,0.8,1.8,2.3,0.8,9,3.6,270,67,1017.5,200,51.1045,13.2017,7862.4
4,14,5,65,140,77,1,2,2.5,1,14,3.1,270,62,1016,200,51.1045,13.2017,8736
5,19,10,80,180,74,1.2,2.2,2.7,1.2,19,2.7,270,58,1015,200,51.1045,13.2017,9609.6
6,23,14,90,220,71,1.5,2.5,3,1.5,23,2.2,270,54,1014.5,200,51.1045,13.2017,10920
7,25,16,95,240,70,1.7,2.7,3.2,1.7,25,2.2,270,50,1014,200,51.1045,13.2017,11793.6
8,24,15,85,220,71,1.8,2.8,3.3,1.8,24,2.2,270,52,1014,200,51.1045,13.2017,12230.4
9,19,11,75,180,73,1.5,2.5,3,1.5,19,2.7,270,58,1015,200,51.1045,13.2017,10920
10,14,6,65,140,76,1.2,2.2,2.7,1.2,14,3.1,270,62,1016,200,51.1045,13.2017,9609.6
11,8,2,70,90,80,0.8,1.8,2.3,0.8,8,3.6,270,67,1017.5,200,51.1045,13.2017,7862.4
12,4,-1,75,70,84,0.6,1.6,2.1,0.6,4,3.6,270,72,1018,200,51.1045,13.2017,6988.8
1,4,0,60,60,86,0.6,1.6,2.1,0.6,4,3.6,270,72,1018,10,54.2194,9.6961,6988.8
2,5,1,50,80,84,0.7,1.7,2.2,0.7,5,3.6,270,70,1018.3,10,54.2194,9.6961,7425.6
3,9,2,60,100,81,0.8,1.8,2.3,0.8,9,3.6,270,67,1017.5,10,54.2194,9.6961,7862.4
4,13,5,70,140,77,1,2,2.5,1,13,3.1,270,62,1016,10,54.2194,9.6961,8736
5,18,10,80,180,74,1.2,2.2,2.7,1.2,18,2.7,270,58,1015,10,54.2194,9.6961,9609.6
6,22,13,90,220,71,1.5,2.5,3,1.5,22,2.2,270,54,1014.5,10,54.2194,9.6961,10920
7,24,15,95,240,70,1.7,2.7,3.2,1.7,24,2.2,270,50,1014,10,54.2194,9.6961,11793.6
8,24,14,85,220,71,1.8,2.8,3.3,1.8,24,2.2,270,52,1014,10,54.2194,9.6961,12230.4
9,19,11,75,180,73,1.5,2.5,3,1.5,19,2.7,270,58,1015,10,54.2194,9.6961,10920
10,13,6,65,140,76,1.2,2.2,2.7,1.2,13,3.1,270,62,1016,10,54.2194,9.6961,9609.6
11,8,2,70,90,80,0.8,1.8,2.3,0.8,8,3.6,270,67,1017.5,10,54.2194,9.6961,7862.4
12,5,1,75,70,84,0.6,1.6,2.1,0.6,5,3.6,270,72,1018,10,54.2194,9.6961,6988.8
1,3,-2,45,60,86,0.6,1.6,2.1,0.6,3,3.6,270,72,1018,300,50.9848,11.0299,6988.8
2,5,-1,40,80,84,0.7,1.7,2.2,0.7,5,3.6,270,70,1018.3,300,50.9848,11.0299,7425.6
3,10,2,55,100,81,0.8,1.8,2.3,0.8,10,3.6,270,67,1017.5,300,50.9848,11.0299,7862.4
4,15,5,65,140,77,1,2,2.5,1,15,3.1,270,62,1016,300,50.9848,11.0299,8736
5,20,10,80,180,74,1.2,2.2,2.7,1.2,20,2.7,270,58,1015,300,50.9848,11.0299,9609.6
6,23,14,90,220,71,1.5,2.5,3,1.5,23,2.2,270,54,1014.5,300,50.9848,11.0299,10920
7,25,16,95,240,70,1.7,2.7,3.2,1.7,25,2.2,270,50,1014,300,50.9848,11.0299,11793.6
8,24,15,85,220,71,1.8,2.8,3.3,1.8,24,2.2,270,52,1014,300,50.9848,11.0299,12230.4
9,19,11,75,180,73,1.5,2.5,3,1.5,19,2.7,270,58,1015,300,50.9848,11.0299,10920
10,14,6,65,140,76,1.2,2.2,2.7,1.2,14,3.1,270,62,1016,300,50.9848,11.0299,9609.6
11,8,2,70,90,80,0.8,1.8,2.3,0.8,8,3.6,270,67,1017.5,300,50.9848,11.0299,7862.4
12,4,-1,75,70,84,0.6,1.6,2.1,0.6,4,3.6,270,72,1018,300,50.9848,11.0299,6988.8
1,10,3,40,120,80,1,2,2.5,1,10,3.6,270,70,1018,100,43.6108,3.8772,8736
2,12,4,35,140,78,1.2,2.2,2.7,1.2,12,3.6,270,68,1018.3,100,43.6108,3.8772,9609.6
3,15,6,50,180,75,1.5,2.5,3,1.5,15,3.6,270,65,1017.5,100,43.6108,3.8772,10920
4,18,8,60,210,72,1.8,2.8,3.3,1.8,18,3.1,270,60,1016,100,43.6108,3.8772,12230.4
5,22,12,70,240,70,2,3,3.5,2,22,2.7,270,55,1015,100,43.6108,3.8772,13104
6,26,16,80,270,68,2.2,3.2,3.7,2.2,26,2.2,270,50,1014.5,100,43.6108,3.8772,13977.6
7,30,19,60,300,65,2.5,3.5,4,2.5,30,2.2,270,48,1014,100,43.6108,3.8772,15288
8,29,18,70,280,68,2.4,3.4,3.9,2.4,29,2.2,270,50,1014,100,43.6108,3.8772,14851.2
9,25,15,90,240,70,2,3,3.5,2,25,2.7,270,55,1015,100,43.6108,3.8772,13104
10,20,11,110,210,73,1.8,2.8,3.3,1.8,20,3.1,270,60,1016,100,43.6108,3.8772,12230.4
11,15,7,80,150,75,1.2,2.2,2.7,1.2,15,3.6,270,65,1017.5,100,43.6108,3.8772,9609.6
12,11,4,70,130,78,1,2,2.5,1,11,3.6,270,70,1018,100,43.6108,3.8772,8736
1,12,4,50,140,75,1.2,2.2,2.7,1.2,12,3.6,270,68,1018,200,43.9351,6.0679,9609.6
2,13,5,40,150,73,1.3,2.3,2.8,1.3,13,3.6,270,66,1018.3,200,43.9351,6.0679,10046.4
3,16,7,50,180,70,1.5,2.5,3,1.5,16,3.6,270,64,1017.5,200,43.9351,6.0679,10920
4,19,9,60,210,68,1.8,2.8,3.3,1.8,19,3.1,270,60,1016,200,43.9351,6.0679,12230.4
5,23,13,70,240,65,2,3,3.5,2,23,2.7,270,55,1015,200,43.9351,6.0679,13104
6,27,17,80,270,63,2.2,3.2,3.7,2.2,27,2.2,270,50,1014.5,200,43.9351,6.0679,13977.6
7,30,20,30,300,60,2.5,3.5,4,2.5,30,2.2,270,48,1014,200,43.9351,6.0679,15288
8,29,19,40,280,63,2.4,3.4,3.9,2.4,29,2.2,270,50,1014,200,43.9351,6.0679,14851.2
9,25,16,60,240,65,2,3,3.5,2,25,2.7,270,55,1015,200,43.9351,6.0679,13104
10,21,12,90,210,68,1.8,2.8,3.3,1.8,21,3.1,270,60,1016,200,43.9351,6.0679,12230.4
11,16,8,70,150,70,1.3,2.3,2.8,1.3,16,3.6,270,65,1017.5,200,43.9351,6.0679,10046.4
12,13,5,60,130,73,1.2,2.2,2.7,1.2,13,3.6,270,68,1018,200,43.9351,6.0679,9609.6
1,5,-1,60,90,85,0.8,1.8,2.3,0.8,5,3.6,270,70,1018,400,45.764,4.8357,7862.4
2,7,0,55,110,82,0.9,1.9,2.4,0.9,7,3.6,270,68,1018.3,400,45.764,4.8357,8299.2
3,12,3,70,150,80,1.1,2.1,2.6,1.1,12,3.6,270,65,1017.5,400,45.764,4.8357,9172.8
4,16,6,80,180,77,1.3,2.3,2.8,1.3,16,3.1,270,60,1016,400,45.764,4.8357,10046.4
5,20,10,90,210,75,1.5,2.5,3,1.5,20,2.7,270,55,1015,400,45.764,4.8357,10920
6,25,14,100,240,73,1.7,2.7,3.2,1.7,25,2.2,270,50,1014.5,400,45.764,4.8357,11793.6
7,28,16,60,270,70,2,3,3.5,2,28,2.2,270,48,1014,400,45.764,4.8357,13104
8,27,15,70,250,73,1.9,2.9,3.4,1.9,27,2.2,270,50,1014,400,45.764,4.8357,12667.2
9,23,12,80,210,75,1.7,2.7,3.2,1.7,23,2.7,270,55,1015,400,45.764,4.8357,11793.6
10,17,8,90,180,77,1.5,2.5,3,1.5,17,3.1,270,60,1016,400,45.764,4.8357,10920
11,10,3,85,130,80,1.1,2.1,2.6,1.1,10,3.6,270,65,1017.5,400,45.764,4.8357,9172.8
12,7,0,70,110,83,0.9,1.9,2.4,0.9,7,3.6,270,70,1018,400,45.764,4.8357,8299.2
1,10,3,60,110,85,0.8,1.8,2.3,0.8,10,3.6,270,70,1018,100,44.8378,-0.5792,7862.4
2,11,4,55,130,82,0.9,1.9,2.4,0.9,11,3.6,270,68,1018.3,100,44.8378,-0.5792,8299.2
3,14,6,70,160,80,1.1,2.1,2.6,1.1,14,3.6,270,65,1017.5,100,44.8378,-0.5792,9172.8
4,17,8,80,190,77,1.3,2.3,2.8,1.3,17,3.1,270,60,1016,100,44.8378,-0.5792,10046.4
5,20,11,90,210,75,1.5,2.5,3,1.5,20,2.7,270,55,1015,100,44.8378,-0.5792,10920
6,24,15,100,240,73,1.7,2.7,3.2,1.7,24,2.2,270,50,1014.5,100,44.8378,-0.5792,11793.6
7,27,17,60,270,70,2,3,3.5,2,27,2.2,270,48,1014,100,44.8378,-0.5792,13104
8,27,16,70,250,73,1.9,2.9,3.4,1.9,27,2.2,270,50,1014,100,44.8378,-0.5792,12667.2
9,24,14,80,210,75,1.7,2.7,3.2,1.7,24,2.7,270,55,1015,100,44.8378,-0.5792,11793.6
10,18,10,90,180,77,1.5,2.5,3,1.5,18,3.1,270,60,1016,100,44.8378,-0.5792,10920
11,13,6,85,130,80,1.1,2.1,2.6,1.1,13,3.6,270,65,1017.5,100,44.8378,-0.5792,9172.8
12,10,3,70,110,83,0.9,1.9,2.4,0.9,10,3.6,270,70,1018,100,44.8378,-0.5792,8299.2
1,9,3,70,90,85,0.6,1.6,2.1,0.6,9,4.9,270,75,1018,50,48.202,-2.9326,6988.8
2,10,3,60,110,83,0.7,1.7,2.2,0.7,10,4.9,270,73,1018.3,50,48.202,-2.9326,7425.6
3,12,5,80,140,81,0.9,1.9,2.4,0.9,12,5.4,270,70,1017.5,50,48.202,-2.9326,8299.2
4,14,7,60,180,77,1.1,2.1,2.6,1.1,14,5.8,270,65,1016,50,48.202,-2.9326,9172.8
5,17,10,70,210,75,1.3,2.3,2.8,1.3,17,5.4,270,60,1015,50,48.202,-2.9326,10046.4
6,20,13,80,240,73,1.5,2.5,3,1.5,20,4.9,270,55,1014.5,50,48.202,-2.9326,10920
7,22,15,60,270,70,1.7,2.7,3.2,1.7,22,4.5,270,50,1014,50,48.202,-2.9326,11793.6
8,22,14,50,250,73,1.6,2.6,3.1,1.6,22,4.5,270,53,1014,50,48.202,-2.9326,11356.8
9,20,12,70,210,75,1.4,2.4,2.9,1.4,20,5.4,270,60,1015,50,48.202,-2.9326,10483.2
10,16,9,90,180,77,1.1,2.1,2.6,1.1,16,5.8,270,65,1016,50,48.202,-2.9326,9172.8
11,12,6,100,130,80,0.8,1.8,2.3,0.8,12,5.4,270,70,1017.5,50,48.202,-2.9326,7862.4
12,9,4,80,110,83,0.7,1.7,2.2,0.7,9,4.9,270,75,1018,50,48.202,-2.9326,7425.6
1,10,3,70,90,85,0.6,1.6,2.1,0.6,10,4.9,270,75,1018,50,47.4784,-0.5632,6988.8
2,11,3,60,110,83,0.7,1.7,2.2,0.7,11,4.9,270,73,1018.3,50,47.4784,-0.5632,7425.6
3,13,5,80,140,81,0.9,1.9,2.4,0.9,13,5.4,270,70,1017.5,50,47.4784,-0.5632,8299.2
4,15,7,60,180,77,1.1,2.1,2.6,1.1,15,5.8,270,65,1016,50,47.4784,-0.5632,9172.8
5,18,10,70,210,75,1.3,2.3,2.8,1.3,18,5.4,270,60,1015,50,47.4784,-0.5632,10046.4
6,21,13,80,240,73,1.5,2.5,3,1.5,21,4.9,270,55,1014.5,50,47.4784,-0.5632,10920
7,23,15,60,270,70,1.7,2.7,3.2,1.7,23,4.5,270,50,1014,50,47.4784,-0.5632,11793.6
8,23,14,50,250,73,1.6,2.6,3.1,1.6,23,4.5,270,53,1014,50,47.4784,-0.5632,11356.8
9,21,12,70,210,75,1.4,2.4,2.9,1.4,21,5.4,270,60,1015,50,47.4784,-0.5632,10483.2
10,17,9,90,180,77,1.1,2.1,2.6,1.1,17,5.8,270,65,1016,50,47.4784,-0.5632,9172.8
11,12,6,100,130,80,0.8,1.8,2.3,0.8,12,5.4,270,70,1017.5,50,47.4784,-0.5632,7862.4
12,10,4,80,110,83,0.7,1.7,2.2,0.7,10,4.9,270,75,1018,50,47.4784,-0.5632,7425.6
1,6,1,70,60,86,0.6,1.6,2.1,0.6,6,4.9,270,75,1018,10,52.1326,5.2913,6988.8
2,7,1,55,80,84,0.7,1.7,2.2,0.7,7,4.9,270,73,1018.3,10,52.1326,5.2913,7425.6
3,10,3,70,120,81,0.9,1.9,2.4,0.9,10,5.4,270,70,1017.5,10,52.1326,5.2913,8299.2
4,14,5,50,160,77,1.1,2.1,2.6,1.1,14,5.8,270,65,1016,10,52.1326,5.2913,9172.8
5,17,9,60,190,75,1.3,2.3,2.8,1.3,17,5.4,270,60,1015,10,52.1326,5.2913,10046.4
6,20,12,70,220,73,1.5,2.5,3,1.5,20,4.9,270,55,1014.5,10,52.1326,5.2913,10920
7,22,15,80,240,70,1.7,2.7,3.2,1.7,22,4.5,270,50,1014,10,52.1326,5.2913,11793.6
8,22,14,60,220,73,1.6,2.6,3.1,1.6,22,4.5,270,53,1014,10,52.1326,5.2913,11356.8
9,19,12,70,180,75,1.4,2.4,2.9,1.4,19,5.4,270,60,1015,10,52.1326,5.2913,10483.2
10,15,9,90,140,77,1.1,2.1,2.6,1.1,15,5.8,270,65,1016,10,52.1326,5.2913,9172.8
11,10,5,100,90,80,0.8,1.8,2.3,0.8,10,5.4,270,70,1017.5,10,52.1326,5.2913,7862.4
12,7,2,80,70,83,0.7,1.7,2.2,0.7,7,4.9,270,75,1018,10,52.1326,5.2913,7425.6
1,6,1,70,60,86,0.6,1.6,2.1,0.6,6,4.9,270,75,1018,20,51.4827,5.2323,6988.8
2,7,1,55,80,84,0.7,1.7,2.2,0.7,7,4.9,270,73,1018.3,20,51.4827,5.2323,7425.6
3,10,3,70,120,81,0.9,1.9,2.4,0.9,10,5.4,270,70,1017.5,20,51.4827,5.2323,8299.2
4,14,5,50,160,77,1.1,2.1,2.6,1.1,14,5.8,270,65,1016,20,51.4827,5.2323,9172.8
5,17,9,60,190,75,1.3,2.3,2.8,1.3,17,5.4,270,60,1015,20,51.4827,5.2323,10046.4
6,20,12,70,220,73,1.5,2.5,3,1.5,20,4.9,270,55,1014.5,20,51.4827,5.2323,10920
7,22,15,80,240,70,1.7,2.7,3.2,1.7,22,4.5,270,50,1014,20,51.4827,5.2323,11793.6
8,22,14,60,220,73,1.6,2.6,3.1,1.6,22,4.5,270,53,1014,20,51.4827,5.2323,11356.8
9,19,12,70,180,75,1.4,2.4,2.9,1.4,19,5.4,270,60,1015,20,51.4827,5.2323,10483.2
10,15,9,90,140,77,1.1,2.1,2.6,1.1,15,5.8,270,65,1016,20,51.4827,5.2323,9172.8
11,10,5,100,90,80,0.8,1.8,2.3,0.8,10,5.4,270,70,1017.5,20,51.4827,5.2323,7862.4
12,7,2,80,70,83,0.7,1.7,2.2,0.7,7,4.9,270,75,1018,20,51.4827,5.2323,7425.6
1,6,1,70,60,86,0.6,1.6,2.1,0.6,6,4.9,270,75,1018,10,51.9163,4.6344,6988.8
2,7,1,55,80,84,0.7,1.7,2.2,0.7,7,4.9,270,73,1018.3,10,51.9163,4.6344,7425.6
3,10,3,70,120,81,0.9,1.9,2.4,0.9,10,5.4,270,70,1017.5,10,51.9163,4.6344,8299.2
4,14,5,50,160,77,1.1,2.1,2.6,1.1,14,5.8,270,65,1016,10,51.9163,4.6344,9172.8
5,17,9,60,190,75,1.3,2.3,2.8,1.3,17,5.4,270,60,1015,10,51.9163,4.6344,10046.4
6,20,12,70,220,73,1.5,2.5,3,1.5,20,4.9,270,55,1014.5,10,51.9163,4.6344,10920
7,22,15,80,240,70,1.7,2.7,3.2,1.7,22,4.5,270,50,1014,10,51.9163,4.6344,11793.6
8,22,14,60,220,73,1.6,2.6,3.1,1.6,22,4.5,270,53,1014,10,51.9163,4.6344,11356.8
9,19,12,70,180,75,1.4,2.4,2.9,1.4,19,5.4,270,60,1015,10,51.9163,4.6344,10483.2
10,15,9,90,140,77,1.1,2.1,2.6,1.1,15,5.8,270,65,1016,10,51.9163,4.6344,9172.8
11,10,5,100,90,80,0.8,1.8,2.3,0.8,10,5.4,270,70,1017.5,10,51.9163,4.6344,7862.4
12,7,2,80,70,83,0.7,1.7,2.2,0.7,7,4.9,270,75,1018,10,51.9163,4.6344,7425.6
1,6,1,70,60,86,0.6,1.6,2.1,0.6,6,4.9,270,75,1018,70,50.931,5.3373,6988.8
2,7,1,55,80,84,0.7,1.7,2.2,0.7,7,4.9,270,73,1018.3,70,50.931,5.3373,7425.6
3,10,3,70,120,81,0.9,1.9,2.4,0.9,10,5.4,270,70,1017.5,70,50.931,5.3373,8299.2
4,14,5,50,160,77,1.1,2.1,2.6,1.1,14,5.8,270,65,1016,70,50.931,5.3373,9172.8
5,17,9,60,190,75,1.3,2.3,2.8,1.3,17,5.4,270,60,1015,70,50.931,5.3373,10046.4
6,20,12,70,220,73,1.5,2.5,3,1.5,20,4.9,270,55,1014.5,70,50.931,5.3373,10920
7,22,15,80,240,70,1.7,2.7,3.2,1.7,22,4.5,270,50,1014,70,50.931,5.3373,11793.6
8,22,14,60,220,73,1.6,2.6,3.1,1.6,22,4.5,270,53,1014,70,50.931,5.3373,11356.8
9,19,12,70,180,75,1.4,2.4,2.9,1.4,19,5.4,270,60,1015,70,50.931,5.3373,10483.2
10,15,9,90,140,77,1.1,2.1,2.6,1.1,15,5.8,270,65,1016,70,50.931,5.3373,9172.8
11,10,5,100,90,80,0.8,1.8,2.3,0.8,10,5.4,270,70,1017.5,70,50.931,5.3373,7862.4
12,7,2,80,70,83,0.7,1.7,2.2,0.7,7,4.9,270,75,1018,70,50.931,5.3373,7425.6
1,6,1,70,60,86,0.6,1.6,2.1,0.6,6,4.9,270,75,1018,0,53.1642,5.7818,6988.8
2,7,1,55,80,84,0.7,1.7,2.2,0.7,7,4.9,270,73,1018.3,0,53.1642,5.7818,7425.6
3,10,3,70,120,81,0.9,1.9,2.4,0.9,10,5.4,270,70,1017.5,0,53.1642,5.7818,8299.2
4,14,5,50,160,77,1.1,2.1,2.6,1.1,14,5.8,270,65,1016,0,53.1642,5.7818,9172.8
5,17,9,60,190,75,1.3,2.3,2.8,1.3,17,5.4,270,60,1015,0,53.1642,5.7818,10046.4
6,20,12,70,220,73,1.5,2.5,3,1.5,20,4.9,270,55,1014.5,0,53.1642,5.7818,10920
7,22,15,80,240,70,1.7,2.7,3.2,1.7,22,4.5,270,50,1014,0,53.1642,5.7818,11793.6
8,22,14,60,220,73,1.6,2.6,3.1,1.6,22,4.5,270,53,1014,0,53.1642,5.7818,11356.8
9,19,12,70,180,75,1.4,2.4,2.9,1.4,19,5.4,270,60,1015,0,53.1642,5.7818,10483.2
10,15,9,90,140,77,1.1,2.1,2.6,1.1,15,5.8,270,65,1016,0,53.1642,5.7818,9172.8
11,10,5,100,90,80,0.8,1.8,2.3,0.8,10,5.4,270,70,1017.5,0,53.1642,5.7818,7862.4
12,7,2,80,70,83,0.7,1.7,2.2,0.7,7,4.9,270,75,1018,0,53.1642,5.7818,7425.6
1,2,-7,2,180,50,1.8,2.8,3.3,1.8,2,2.7,270,55,1022,50,39.8864,115.5696,12230.4
2,6,-4,4,190,48,2,3,3.5,2,6,2.7,270,52,1021.5,50,39.8864,115.5696,13104
3,13,2,8,230,45,2.2,3.2,3.7,2.2,13,3.1,270,50,1019,50,39.8864,115.5696,13977.6
4,20,9,25,250,40,2.5,3.5,4,2.5,20,3.6,270,45,1016,50,39.8864,115.5696,15288
5,26,15,40,280,35,2.8,3.8,4.3,2.8,26,4,270,40,1013.5,50,39.8864,115.5696,16598.4
6,30,20,75,280,45,3,4,4.5,3,30,4,270,50,1011.5,50,39.8864,115.5696,17472
7,31,23,175,260,60,3.2,4.2,4.7,3.2,31,3.6,270,60,1010,50,39.8864,115.5696,18345.6
8,30,21,125,260,55,3.1,4.1,4.6,3.1,30,3.6,270,55,1010.5,50,39.8864,115.5696,17908.8
9,26,15,50,250,50,2.9,3.9,4.4,2.9,26,4,270,50,1013,50,39.8864,115.5696,17035.2
10,20,8,20,240,45,2.5,3.5,4,2.5,20,3.6,270,45,1016,50,39.8864,115.5696,15288
11,10,-1,8,200,50,2,3,3.5,2,10,3.1,270,50,1020,50,39.8864,115.5696,13104
12,3,-6,3,190,55,1.8,2.8,3.3,1.8,3,2.7,270,55,1022,50,39.8864,115.5696,12230.4
1,3,-5,10,180,55,1.8,2.8,3.3,1.8,3,2.7,270,55,1022,50,36.6683,117.0204,12230.4
2,6,-3,15,190,50,2,3,3.5,2,6,2.7,270,52,1021.5,50,36.6683,117.0204,13104
3,12,2,25,230,45,2.2,3.2,3.7,2.2,12,3.1,270,50,1019,50,36.6683,117.0204,13977.6
4,20,10,50,250,40,2.5,3.5,4,2.5,20,3.6,270,45,1016,50,36.6683,117.0204,15288
5,26,16,75,280,35,2.8,3.8,4.3,2.8,26,4,270,40,1013.5,50,36.6683,117.0204,16598.4
6,30,21,125,280,45,3,4,4.5,3,30,4,270,50,1011.5,50,36.6683,117.0204,17472
7,31,24,225,260,60,3.2,4.2,4.7,3.2,31,3.6,270,60,1010,50,36.6683,117.0204,18345.6
8,30,23,175,260,55,3.1,4.1,4.6,3.1,30,3.6,270,55,1010.5,50,36.6683,117.0204,17908.8
9,26,18,75,250,50,2.9,3.9,4.4,2.9,26,4,270,50,1013,50,36.6683,117.0204,17035.2
10,20,10,25,240,45,2.5,3.5,4,2.5,20,3.6,270,45,1016,50,36.6683,117.0204,15288
11,11,1,15,200,50,2,3,3.5,2,11,3.1,270,50,1020,50,36.6683,117.0204,13104
12,4,-4,10,190,55,1.8,2.8,3.3,1.8,4,2.7,270,55,1022,50,36.6683,117.0204,12230.4
1,7,-2,20,140,65,1.2,2.2,2.7,1.2,7,2.7,270,55,1022,50,31.8612,117.2857,9609.6
2,10,1,25,160,60,1.4,2.4,2.9,1.4,10,2.7,270,52,1021.5,50,31.8612,117.2857,10483.2
3,16,7,50,190,55,1.7,2.7,3.2,1.7,16,3.1,270,50,1019,50,31.8612,117.2857,11793.6
4,22,12,80,210,50,2,3,3.5,2,22,3.6,270,45,1016,50,31.8612,117.2857,13104
5,26,17,100,240,45,2.3,3.3,3.8,2.3,26,4,270,40,1013.5,50,31.8612,117.2857,14414.4
6,31,22,200,240,55,2.5,3.5,4,2.5,31,4,270,50,1011.5,50,31.8612,117.2857,15288
7,34,25,275,220,70,2.7,3.7,4.2,2.7,34,3.6,270,60,1010,50,31.8612,117.2857,16161.6
8,33,24,200,220,65,2.6,3.6,4.1,2.6,33,3.6,270,55,1010.5,50,31.8612,117.2857,15724.8
9,28,19,100,210,60,2.4,3.4,3.9,2.4,28,4,270,50,1013,50,31.8612,117.2857,14851.2
10,23,13,50,200,55,2,3,3.5,2,23,3.6,270,45,1016,50,31.8612,117.2857,13104
11,15,6,30,160,60,1.4,2.4,2.9,1.4,15,3.1,270,50,1020,50,31.8612,117.2857,10483.2
12,9,0,25,150,65,1.2,2.2,2.7,1.2,9,2.7,270,55,1022,50,31.8612,117.2857,9609.6
1,1,-11,2,200,40,2,3,3.5,2,1,3.6,270,50,1024,1500,36.0614,103.8343,13104
2,5,-8,4,220,38,2.2,3.2,3.7,2.2,5,3.6,270,48,1023,1500,36.0614,103.8343,13977.6
3,12,-1,8,250,35,2.5,3.5,4,2.5,12,3.6,270,40,1020,1500,36.0614,103.8343,15288
4,18,5,25,260,32,2.8,3.8,4.3,2.8,18,3.6,270,35,1016,1500,36.0614,103.8343,16598.4
5,22,10,40,280,30,3,4,4.5,3,22,3.1,270,30,1012,1500,36.0614,103.8343,17472
6,26,14,75,280,35,3.2,4.2,4.7,3.2,26,2.7,270,40,1009,1500,36.0614,103.8343,18345.6
7,28,17,150,260,50,3.4,4.4,4.9,3.4,28,2.2,270,50,1007,1500,36.0614,103.8343,19219.2
8,27,16,125,260,48,3.3,4.3,4.8,3.3,27,2.2,270,48,1007.5,1500,36.0614,103.8343,18782.4
9,22,11,50,250,45,3,4,4.5,3,22,2.7,270,45,1010,1500,36.0614,103.8343,17472
10,16,4,20,240,40,2.6,3.6,4.1,2.6,16,3.1,270,40,1014,1500,36.0614,103.8343,15724.8
11,8,-4,8,220,45,2.2,3.2,3.7,2.2,8,3.6,270,45,1019,1500,36.0614,103.8343,13977.6
12,2,-9,3,210,50,2,3,3.5,2,2,3.6,270,50,1023,1500,36.0614,103.8343,13104
1,5,-4,5,160,65,1.6,2.6,3.1,1.6,5,2.2,270,60,1024,400,34.2658,108.9542,11356.8
2,8,-1,10,170,60,1.8,2.8,3.3,1.8,8,2.2,270,55,1023,400,34.2658,108.9542,12230.4
3,14,4,20,200,55,2,3,3.5,2,14,2.7,270,50,1020,400,34.2658,108.9542,13104
4,20,10,40,230,50,2.4,3.4,3.9,2.4,20,3.1,270,45,1016,400,34.2658,108.9542,14851.2
5,25,15,80,250,50,2.6,3.6,4.1,2.6,25,3.6,270,40,1012,400,34.2658,108.9542,15724.8
6,30,20,120,260,55,2.9,3.9,4.4,2.9,30,3.6,270,50,1009,400,34.2658,108.9542,17035.2
7,33,23,175,240,60,3.2,4.2,4.7,3.2,33,3.1,270,60,1007,400,34.2658,108.9542,18345.6
8,32,22,150,240,55,3.1,4.1,4.6,3.1,32,3.1,270,55,1007.5,400,34.2658,108.9542,17908.8
9,27,17,60,230,50,2.7,3.7,4.2,2.7,27,3.6,270,50,1010,400,34.2658,108.9542,16161.6
10,21,11,30,220,55,2.4,3.4,3.9,2.4,21,3.1,270,45,1014,400,34.2658,108.9542,14851.2
11,12,2,10,180,60,1.8,2.8,3.3,1.8,12,2.7,270,50,1019,400,34.2658,108.9542,12230.4
12,6,-3,5,170,65,1.6,2.6,3.1,1.6,6,2.2,270,55,1023,400,34.2658,108.9542,11356.8
1,2,-10,2,200,45,2,3,3.5,2,2,3.6,270,50,1024,1100,37.2692,106.1655,13104
2,6,-7,4,210,40,2.2,3.2,3.7,2.2,6,3.6,270,48,1023,1100,37.2692,106.1655,13977.6
3,13,-1,8,240,35,2.5,3.5,4,2.5,13,3.6,270,40,1020,1100,37.2692,106.1655,15288
4,19,6,25,260,30,2.8,3.8,4.3,2.8,19,3.1,270,35,1016,1100,37.2692,106.1655,16598.4
5,24,11,40,280,30,3,4,4.5,3,24,2.7,270,30,1012,1100,37.2692,106.1655,17472
6,28,16,75,280,35,3.2,4.2,4.7,3.2,28,2.2,270,40,1009,1100,37.2692,106.1655,18345.6
7,30,19,150,260,45,3.4,4.4,4.9,3.4,30,2.2,270,50,1007,1100,37.2692,106.1655,19219.2
8,29,18,125,260,45,3.3,4.3,4.8,3.3,29,2.2,270,48,1007.5,1100,37.2692,106.1655,18782.4
9,24,11,50,250,45,3,4,4.5,3,24,2.7,270,45,1010,1100,37.2692,106.1655,17472
10,17,4,20,240,40,2.6,3.6,4.1,2.6,17,3.1,270,40,1014,1100,37.2692,106.1655,15724.8
11,9,-4,8,220,45,2.2,3.2,3.7,2.2,9,3.6,270,45,1019,1100,37.2692,106.1655,13977.6
12,3,-8,3,210,50,2,3,3.5,2,3,3.6,270,50,1023,1100,37.2692,106.1655,13104
1,-3,-13,5,150,65,1.5,2.5,3,1.5,-3,2.2,270,60,1025,800,43.7928,87.6176,10920
2,0,-10,7,160,60,1.7,2.7,3.2,1.7,0,2.2,270,55,1024,800,43.7928,87.6176,11793.6
3,9,-2,15,190,55,2,3,3.5,2,9,2.7,270,50,1021,800,43.7928,87.6176,13104
4,18,6,25,220,50,2.3,3.3,3.8,2.3,18,3.1,270,45,1017,800,43.7928,87.6176,14414.4
5,24,12,40,250,45,2.6,3.6,4.1,2.6,24,3.6,270,40,1013,800,43.7928,87.6176,15724.8
6,29,17,50,270,50,2.8,3.8,4.3,2.8,29,3.6,270,50,1010,800,43.7928,87.6176,16598.4
7,32,20,40,260,55,3,4,4.5,3,32,3.1,270,60,1008,800,43.7928,87.6176,17472
8,31,18,35,260,50,2.9,3.9,4.4,2.9,31,3.1,270,55,1008.5,800,43.7928,87.6176,17035.2
9,25,12,20,250,45,2.7,3.7,4.2,2.7,25,3.6,270,50,1011,800,43.7928,87.6176,16161.6
10,17,4,15,240,50,2.3,3.3,3.8,2.3,17,3.1,270,45,1015,800,43.7928,87.6176,14414.4
11,7,-5,10,180,60,1.7,2.7,3.2,1.7,7,2.7,270,50,1020,800,43.7928,87.6176,11793.6
12,0,-11,5,160,65,1.5,2.5,3,1.5,0,2.2,270,55,1024,800,43.7928,87.6176,10920
1,7,-7,1,280,50,2.7,3.7,4.2,2.7,7,2.2,270,30,1019,4500,29.6469,91.1172,16161.6
2,10,-4,2,290,45,2.9,3.9,4.4,2.9,10,2.2,270,28,1018,4500,29.6469,91.1172,17035.2
3,13,0,5,300,40,3,4,4.5,3,13,2.7,270,25,1015,4500,29.6469,91.1172,17472
4,16,4,10,300,35,3.2,4.2,4.7,3.2,16,3.1,270,20,1011,4500,29.6469,91.1172,18345.6
5,19,8,25,280,40,3.3,4.3,4.8,3.3,19,3.6,270,30,1008,4500,29.6469,91.1172,18782.4
6,23,12,50,270,45,3.4,4.4,4.9,3.4,23,3.6,270,40,1005,4500,29.6469,91.1172,19219.2
7,22,12,100,260,60,3.3,4.3,4.8,3.3,22,3.1,270,50,1003,4500,29.6469,91.1172,18782.4
8,21,11,100,260,55,3.2,4.2,4.7,3.2,21,3.1,270,45,1003.5,4500,29.6469,91.1172,18345.6
9,20,9,50,270,50,3.1,4.1,4.6,3.1,20,3.6,270,40,1006,4500,29.6469,91.1172,17908.8
10,17,4,20,290,40,3,4,4.5,3,17,3.1,270,30,1010,4500,29.6469,91.1172,17472
11,12,-2,5,280,45,2.8,3.8,4.3,2.8,12,2.7,270,35,1015,4500,29.6469,91.1172,16598.4
12,8,-6,2,270,50,2.6,3.6,4.1,2.6,8,2.2,270,30,1018,4500,29.6469,91.1172,15724.8
